{
  "q25": 1.125,
  "q50": 2.0,
  "q75": 3.0,
  "observed_values": {
    "max": [
      5.35261344909668,
      -0.6866376399993896,
      2.4506521224975586,
      0.07776150107383728,
      2.3132240772247314,
      0.978972315788269,
      1.4639151096343994,
      0.362768292427063,
      5.674386978149414,
      6.0744500160217285,
      3.089817762374878,
      5.208211898803711,
      -0.10006837546825409,
      2.7415060997009277,
      5.3592305183410645,
      3.736947536468506,
      2.7490105628967285,
      4.619919300079346,
      3.2299203872680664,
      3.3140628337860107,
      3.3679094314575195,
      4.640022277832031,
      3.143493175506592,
      2.3090391159057617,
      1.1852633953094482,
      4.035282611846924,
      1.5382521152496338,
      0.5589691400527954,
      0.6832119226455688,
      2.5416178703308105
    ],
    "mean": [
      1.752810525894165,
      -3.683577569325765,
      1.228734310468038,
      -2.527036505937576,
      1.0975719233353933,
      -0.6037308891614278,
      -0.7059889162580172,
      -2.6475505272547406,
      3.8070849895477297,
      4.984266328811645,
      -0.1608476420243581,
      3.4954332669576007,
      -2.915232828259468,
      0.7979971776405971,
      2.2129292085766794,
      2.540435306231181,
      1.100430006782214,
      2.60068941116333,
      0.8643068914612134,
      -0.5285663306713104,
      -1.499997325738271,
      2.100539549191793,
      0.46892588809132574,
      1.1606184591849644,
      -1.5577831317981083,
      1.3398895939191182,
      -0.7474477758010228,
      -0.6230590477585792,
      -1.9845601081848145,
      0.9830437317490578
    ],
    "hits": [
      2.0,
      0.0,
      1.5,
      0.5,
      1.5,
      2.5,
      2.0,
      0.5,
      3.5,
      1.5,
      3.0,
      1.5,
      0.0,
      3.0,
      3.5,
      1.0,
      2.0,
      3.5,
      4.0,
      3.0,
      1.0,
      3.0,
      3.0,
      1.5,
      1.0,
      4.5,
      2.5,
      2.0,
      0.5,
      2.5
    ],
    "dominance": [
      0.75,
      0,
      0.3333333333333333,
      1.0,
      0.3333333333333333,
      0.6,
      0.5,
      1.0,
      0.5714285714285714,
      0.3333333333333333,
      0.8333333333333334,
      0.6666666666666666,
      0,
      0.5,
      0.42857142857142855,
      0.5,
      0.75,
      0.2857142857142857,
      0.375,
      0.3333333333333333,
      1.0,
      0.5,
      0.5,
      0.3333333333333333,
      1.0,
      0.6666666666666666,
      0.8,
      0.25,
      1.0,
      0.4
    ],
    "distinct_sources_hits": [
      2,
      0,
      3,
      1,
      3,
      3,
      3,
      1,
      3,
      3,
      2,
      2,
      0,
      4,
      3,
      2,
      2,
      6,
      4,
      3,
      1,
      3,
      2,
      3,
      1,
      4,
      2,
      4,
      1,
      3
    ]
  }
}