{
  "a": 0.4837986950367622,
  "b": -2.905926465988159
}