{
  "a": 0.7528991736631868,
  "b": 0.46044912934303284,
  "std_global": 2.3675714211128063
}